Datetime,Water Level (m)
2025-11-07 12:00:00,-1.0936348
2025-11-07 13:00:00,-1.4361501
2025-11-07 14:00:00,-1.5552031
2025-11-07 15:00:00,-1.0878766
2025-11-07 16:00:00,-0.16285028
2025-11-07 17:00:00,0.68047994
2025-11-07 18:00:00,1.4228104
2025-11-07 19:00:00,1.7097826
2025-11-07 20:00:00,1.7190912
2025-11-07 21:00:00,1.3263018
2025-11-07 22:00:00,0.6099891
2025-11-07 23:00:00,-0.108205765
2025-11-08 00:00:00,-0.6693675
2025-11-08 01:00:00,-1.1145068
2025-11-08 02:00:00,-1.4232942
2025-11-08 03:00:00,-1.4472647
2025-11-08 04:00:00,-0.7786009
2025-11-08 05:00:00,0.12252875
2025-11-08 06:00:00,0.8425094
2025-11-08 07:00:00,1.3597361
2025-11-08 08:00:00,1.3824155
2025-11-08 09:00:00,0.99188
2025-11-08 10:00:00,0.3397012
2025-11-08 11:00:00,-0.33401117
2025-11-08 12:00:00,-0.8299897
2025-11-08 13:00:00,-1.231376
2025-11-08 14:00:00,-1.4988638
2025-11-08 15:00:00,-1.5052159
2025-11-08 16:00:00,-0.83540815
2025-11-08 17:00:00,0.087656535
2025-11-08 18:00:00,0.8830789
2025-11-08 19:00:00,1.4522789
2025-11-08 20:00:00,1.6764226
2025-11-08 21:00:00,1.5429236
2025-11-08 22:00:00,0.99051577
2025-11-08 23:00:00,0.28902256
2025-11-09 00:00:00,-0.33033985
2025-11-09 01:00:00,-0.7964025
2025-11-09 02:00:00,-1.1744003
2025-11-09 03:00:00,-1.3933023
2025-11-09 04:00:00,-1.2702453
2025-11-09 05:00:00,-0.5152865
2025-11-09 06:00:00,0.28992397
2025-11-09 07:00:00,0.90015286
2025-11-09 08:00:00,1.3050227
2025-11-09 09:00:00,1.1689979
2025-11-09 10:00:00,0.7433846
2025-11-09 11:00:00,0.0791793
2025-11-09 12:00:00,-0.49569067
2025-11-09 13:00:00,-0.9157192
2025-11-09 14:00:00,-1.2379835
2025-11-09 15:00:00,-1.3925049
2025-11-09 16:00:00,-1.1842865
2025-11-09 17:00:00,-0.42018282
2025-11-09 18:00:00,0.37046435
2025-11-09 19:00:00,1.0286536
2025-11-09 20:00:00,1.4602764
2025-11-09 21:00:00,1.550022
2025-11-09 22:00:00,1.3180468
2025-11-09 23:00:00,0.76604694
2025-11-10 00:00:00,0.099561214
2025-11-10 01:00:00,-0.4353086
2025-11-10 02:00:00,-0.8363041
2025-11-10 03:00:00,-1.1469893
2025-11-10 04:00:00,-1.2673669
2025-11-10 05:00:00,-1.00442
2025-11-10 06:00:00,-0.30155858
2025-11-10 07:00:00,0.36025524
2025-11-10 08:00:00,0.8572937
2025-11-10 09:00:00,1.11965
2025-11-10 10:00:00,1.0435967
2025-11-10 11:00:00,0.57873607
2025-11-10 12:00:00,-0.024379114
2025-11-10 13:00:00,-0.5249641
2025-11-10 14:00:00,-0.8936786
2025-11-10 15:00:00,-1.1490685
2025-11-10 16:00:00,-1.2077256
2025-11-10 17:00:00,-0.8709421
2025-11-10 18:00:00,-0.15247387
2025-11-10 19:00:00,0.50403327
2025-11-10 20:00:00,1.0207709
2025-11-10 21:00:00,1.3280792
2025-11-10 22:00:00,1.3363945
2025-11-10 23:00:00,1.0310261
2025-11-11 00:00:00,0.5157393
2025-11-11 01:00:00,-0.06263221
2025-11-11 02:00:00,-0.5013303
2025-11-11 03:00:00,-0.8339578
2025-11-11 04:00:00,-1.0788028
2025-11-11 05:00:00,-1.1304488
2025-11-11 06:00:00,-0.8378811
2025-11-11 07:00:00,-0.21518698
2025-11-11 08:00:00,0.34101087
2025-11-11 09:00:00,0.75500566
2025-11-11 10:00:00,0.9423494
2025-11-11 11:00:00,0.8503677
2025-11-11 12:00:00,0.46232817
2025-11-11 13:00:00,-0.05032358
2025-11-11 14:00:00,-0.48182544
2025-11-11 15:00:00,-0.79888964
2025-11-11 16:00:00,-1.0037552
2025-11-11 17:00:00,-0.9995742
2025-11-11 18:00:00,-0.643074
2025-11-11 19:00:00,-0.03946519
2025-11-11 20:00:00,0.4929118
2025-11-11 21:00:00,0.9032919
2025-11-11 22:00:00,1.1919123
2025-11-11 23:00:00,1.2078723
2025-11-12 00:00:00,0.8936632
2025-11-12 01:00:00,0.37774613
2025-11-12 02:00:00,-0.11893127
2025-11-12 03:00:00,-0.5102684
2025-11-12 04:00:00,-0.7940012
2025-11-12 05:00:00,-0.9889265
2025-11-12 06:00:00,-1.0187205
2025-11-12 07:00:00,-0.7930588
2025-11-12 08:00:00,-0.28141204
2025-11-12 09:00:00,0.21106896
2025-11-12 10:00:00,0.59173304
2025-11-12 11:00:00,0.80029106
2025-11-12 12:00:00,0.7947239
2025-11-12 13:00:00,0.5174361
2025-11-12 14:00:00,0.089312136
2025-11-12 15:00:00,-0.32231694
2025-11-12 16:00:00,-0.6367849
2025-11-12 17:00:00,-0.8380941
2025-11-12 18:00:00,-0.8705029
2025-11-12 19:00:00,-0.6230616
2025-11-12 20:00:00,-0.13363044
2025-11-12 21:00:00,0.3400929
2025-11-12 22:00:00,0.73082966
2025-11-12 23:00:00,0.9815738
2025-11-13 00:00:00,1.0201015
2025-11-13 01:00:00,0.7880722
2025-11-13 02:00:00,0.37371838
2025-11-13 03:00:00,-0.064137675
2025-11-13 04:00:00,-0.43700963
2025-11-13 05:00:00,-0.7229861
2025-11-13 06:00:00,-0.932178
2025-11-13 07:00:00,-1.0072541
2025-11-13 08:00:00,-0.8696126
2025-11-13 09:00:00,-0.43272486
2025-11-13 10:00:00,0.08664598
2025-11-13 11:00:00,0.5181722
2025-11-13 12:00:00,0.80117095
